id,label,note,labeled_at
L001,supported,partial,2026-09-17T17:25:39
L002,not_addressed,,2026-09-17T17:26:24
L003,not_addressed,firstperson,2026-09-17T17:27:16
L004,not_addressed,,2026-09-17T17:28:11
L005,supported,firstperson,2026-09-17T17:29:02
L006,supported,,2026-09-17T17:30:45
L007,not_addressed,,2026-09-17T17:31:42
L008,not_addressed,,2026-09-17T17:32:27
L009,not_addressed,generic,2026-09-18T20:52:09
L010,not_addressed,,2026-09-17T17:33:27
L011,not_addressed,,2026-09-17T17:33:55
L012,contradicted,,2026-09-17T17:34:14
L013,supported,,2026-09-17T17:34:43
L014,supported,,2026-09-17T17:35:37
L015,not_addressed,,2026-09-17T18:21:48
L016,not_addressed,,2026-09-17T18:23:05
L017,not_addressed,,2026-09-17T18:23:56
L018,not_addressed,,2026-09-17T18:25:15
L019,not_addressed,,2026-09-17T18:29:56
L020,not_addressed,firstperson,2026-09-17T18:30:46
L021,supported,,2026-09-17T18:31:25
L022,supported,partial,2026-09-17T18:32:52
L023,not_addressed,,2026-09-17T18:33:34
L024,not_addressed,,2026-09-17T18:34:14
L025,supported,,2026-09-17T18:35:25
L026,supported,,2026-09-17T18:35:59
L027,not_addressed,partial,2026-09-17T18:38:20
L028,not_addressed,,2026-09-17T18:38:47
L029,not_addressed,,2026-09-17T18:38:55
L030,not_addressed,partial,2026-09-17T18:39:46
L031,not_addressed,partial,2026-09-17T18:40:20
L032,not_addressed,fragment,2026-09-18T20:52:25
L033,not_addressed,,2026-09-17T18:41:06
L034,supported,,2026-09-17T18:43:04
L035,supported,partial,2026-09-17T18:44:40
L036,not_addressed,,2026-09-17T18:47:48
L037,not_addressed,firstperson,2026-09-17T18:48:08
L038,not_addressed,firstperson,2026-09-18T20:16:33
L039,not_addressed,partial,2026-09-18T20:17:00
L040,not_addressed,,2026-09-18T20:19:20
L041,supported,,2026-09-18T20:19:45
L042,supported,,2026-09-18T20:20:34
L043,not_addressed,,2026-09-18T20:21:16
L044,not_addressed,firstperson,2026-09-18T20:21:39
L045,not_addressed,partial,2026-09-18T20:22:13
L046,not_addressed,fragment,2026-09-18T20:22:41
L047,not_addressed,partial,2026-09-18T20:23:52
L048,supported,,2026-09-18T20:24:30
L049,not_addressed,partial,2026-09-18T20:25:28
L050,not_addressed,partial,2026-09-18T20:25:45
L051,not_addressed,partial,2026-09-18T20:26:24
L052,not_addressed,,2026-09-18T20:26:48
L053,supported,,2026-09-18T20:28:17
L054,supported,,2026-09-18T20:29:07
L055,contradicted,contradiction,2026-09-18T20:29:27
L056,not_addressed,partial,2026-09-18T20:30:21
L057,not_addressed,fragment,2026-09-18T20:31:07
L058,not_addressed,partial,2026-09-18T20:31:54
L059,supported,,2026-09-18T20:32:11
L060,not_addressed,partial,2026-09-18T20:32:31
L061,not_addressed,fragment,2026-09-18T20:32:52
L062,not_addressed,,2026-09-18T20:33:31
L063,not_addressed,partial,2026-09-18T20:34:11
L064,not_addressed,partial,2026-09-18T20:35:34
L065,supported,,2026-09-18T20:35:58
L066,contradicted,contradiction,2026-09-18T20:36:23
L067,supported,,2026-09-18T20:36:41
L068,not_addressed,,2026-09-18T20:37:09
L069,not_addressed,,2026-09-18T20:37:22
L070,not_addressed,fragment,2026-09-18T20:38:19
L071,not_addressed,fragment,2026-09-18T20:38:39
L072,not_addressed,fragment,2026-09-18T20:39:21
L073,not_addressed,partial,2026-09-18T20:40:05
L074,contradicted,contradiction,2026-09-18T20:40:29
L075,not_addressed,,2026-09-18T20:40:44
L076,not_addressed,,2026-09-18T20:41:02
L077,contradicted,contradiction,2026-09-18T20:41:25
L078,supported,,2026-09-18T20:41:49
L079,not_addressed,,2026-09-18T20:42:03
L080,supported,,2026-09-18T20:42:25
L081,not_addressed,fragment,2026-09-18T20:42:42
L082,not_addressed,partial,2026-09-18T20:42:59
L083,not_addressed,partial,2026-09-18T20:43:19
L084,not_addressed,partial,2026-09-18T20:43:37
L085,not_addressed,partial,2026-09-18T20:43:57
L086,not_addressed,,2026-09-18T20:44:18
L087,not_addressed,tablechunk,2026-09-18T20:45:16
L088,not_addressed,fragment,2026-09-18T20:46:20
L089,not_addressed,partial,2026-09-18T20:46:45
L090,not_addressed,,2026-09-18T20:47:09
L091,not_addressed,fragment,2026-09-18T20:47:30
L092,contradicted,place,2026-09-18T20:48:04
L093,supported,,2026-09-18T20:48:21
L094,supported,,2026-09-18T20:48:39
L095,not_addressed,tablechunk,2026-09-18T20:49:27
L096,not_addressed,fragment,2026-09-18T20:50:02
L097,not_addressed,,2026-09-18T20:50:21
L098,supported,,2026-09-18T20:50:41
L099,supported,,2026-09-18T20:50:59
L100,contradicted,place,2026-09-18T20:51:18
